{
    "accuracy": 0.6486187665642327,
    "precision": 0.1412190706095353,
    "recall": 0.6598187311178247,
    "f1": 0.23264566985051308,
    "roc_auc": 0.7117749233135253
}